{
	"name": "PARNORMAL",
	"title": "PARANORMAL",
	"description": "A paradev experiment in UX testing frameworks for restricted environments",
	"version": "0.1.1",
	"homepage": "https://github.com/bboyle/paranormal",
	"author": {
		"name": "Ben Boyle",
		"email": "benjamins.boyle@gmail.com",
		"url": "http://ultimate.benboyle.id.au/"
	},
	"repository": {
		"type": "git",
		"url": "git://github.com/bboyle/paranormal.git"
	},
	"bugs": "https://github.com/bboyle/frood/issues",
	"licenses": [
		{
			"type": "MIT",
			"url": "https://github.com/bboyle/frood/blob/master/LICENSE-MIT"
		}
	],
	"keywords": [ "paranormal", "UX", "testing" ]
}